<?xml version="1.0" encoding="UTF-8"?>
<metadata xml:lang="en"><Esri><CreaDate>20200404</CreaDate><CreaTime>15534200</CreaTime><ArcGISFormat>1.0</ArcGISFormat><SyncOnce>TRUE</SyncOnce><DataProperties><lineage><Process ToolSource="c:\program files (x86)\arcgis\desktop10.3\ArcToolbox\Toolboxes\Spatial Analyst Tools.tbx\StreamToFeature" Date="20200404" Time="155342">StreamToFeature C:\Users\tadesse.abitew\AppData\Local\Temp\arcDA3\ras4426 D:\Projects\BLM\APEX_Colorado\animasRiver\test\Watershed\Grid\flowdir D:\Projects\BLM\APEX_Colorado\animasRiver\test\Watershed\Shapes\LFP.shp NO_SIMPLIFY</Process></lineage></DataProperties></Esri></metadata>
