<?xml version="1.0" encoding="UTF-8"?>
<metadata xml:lang="en"><Esri><CreaDate>20200404</CreaDate><CreaTime>15495500</CreaTime><ArcGISFormat>1.0</ArcGISFormat><SyncOnce>TRUE</SyncOnce><DataProperties><lineage><Process ToolSource="c:\program files (x86)\arcgis\desktop10.3\ArcToolbox\Toolboxes\Spatial Analyst Tools.tbx\StreamToFeature" Date="20200404" Time="154955">StreamToFeature D:\Projects\BLM\APEX_Colorado\animasRiver\test\Watershed\Grid\StreamLink1 D:\Projects\BLM\APEX_Colorado\animasRiver\test\Watershed\Grid\flowdir D:\Projects\BLM\APEX_Colorado\animasRiver\test\Watershed\Shapes\WDREACH.shp NO_SIMPLIFY</Process></lineage></DataProperties></Esri></metadata>
